close,date,high,low,oi,open,symbol,time,volume
31054.65,2020-01-08,31185.0,31020.4,1439640.0,31185.0,BANKNIFTY-I,09:15:00,120760
31052.5,2020-01-08,31086.7,31052.0,1439640.0,31060.0,BANKNIFTY-I,09:16:00,77380
31010.3,2020-01-08,31050.1,31010.0,1531440.0,31049.05,BANKNIFTY-I,09:17:00,68180
31000.0,2020-01-08,31009.7,30971.8,1531440.0,31009.7,BANKNIFTY-I,09:18:00,71620
31005.05,2020-01-08,31045.0,31005.05,1531440.0,31013.1,BANKNIFTY-I,09:19:00,57340
31064.95,2020-01-08,31064.95,31004.1,1606180.0,31004.15,BANKNIFTY-I,09:20:00,51120
31144.2,2020-01-08,31176.0,31071.15,1606180.0,31071.15,BANKNIFTY-I,09:21:00,76200
31127.4,2020-01-08,31161.45,31111.0,1606180.0,31148.05,BANKNIFTY-I,09:22:00,64260
31112.9,2020-01-08,31149.5,31112.0,1646320.0,31132.1,BANKNIFTY-I,09:23:00,39480
31112.25,2020-01-08,31115.15,31061.05,1646320.0,31113.1,BANKNIFTY-I,09:24:00,45740
31081.95,2020-01-08,31119.0,31080.4,1646320.0,31112.5,BANKNIFTY-I,09:25:00,34020
31089.4,2020-01-08,31092.7,31073.85,1693700.0,31081.2,BANKNIFTY-I,09:26:00,23340
31103.3,2020-01-08,31106.6,31075.05,1693700.0,31085.0,BANKNIFTY-I,09:27:00,22580
31154.7,2020-01-08,31159.6,31096.85,1693700.0,31100.0,BANKNIFTY-I,09:28:00,25640
31126.05,2020-01-08,31156.4,31124.8,1723820.0,31156.4,BANKNIFTY-I,09:29:00,43640
31139.65,2020-01-08,31166.15,31120.05,1723820.0,31129.4,BANKNIFTY-I,09:30:00,28840
31144.9,2020-01-08,31160.0,31142.35,1723820.0,31143.1,BANKNIFTY-I,09:31:00,21000
31089.2,2020-01-08,31145.05,31089.2,1741060.0,31144.05,BANKNIFTY-I,09:32:00,23940
31137.65,2020-01-08,31141.65,31090.0,1741060.0,31090.0,BANKNIFTY-I,09:33:00,18800
31119.5,2020-01-08,31141.0,31116.9,1741060.0,31133.25,BANKNIFTY-I,09:34:00,15040
31130.7,2020-01-08,31130.7,31105.0,1761480.0,31117.0,BANKNIFTY-I,09:35:00,16680
31119.75,2020-01-08,31143.4,31112.35,1761480.0,31127.35,BANKNIFTY-I,09:36:00,12100
31125.8,2020-01-08,31127.4,31104.0,1761480.0,31125.15,BANKNIFTY-I,09:37:00,14740
31132.65,2020-01-08,31138.05,31121.05,1776220.0,31125.0,BANKNIFTY-I,09:38:00,10780
31138.0,2020-01-08,31145.0,31116.1,1776220.0,31132.55,BANKNIFTY-I,09:39:00,17940
31140.0,2020-01-08,31142.85,31128.95,1776220.0,31140.75,BANKNIFTY-I,09:40:00,18900
31160.0,2020-01-08,31175.0,31141.55,1801900.0,31141.95,BANKNIFTY-I,09:41:00,31900
31237.35,2020-01-08,31250.0,31163.25,1801900.0,31163.25,BANKNIFTY-I,09:42:00,72900
31249.85,2020-01-08,31250.0,31222.6,1801900.0,31239.95,BANKNIFTY-I,09:43:00,37900
31335.4,2020-01-08,31369.0,31248.1,1793900.0,31250.0,BANKNIFTY-I,09:44:00,91320
31390.0,2020-01-08,31458.4,31333.0,1793900.0,31337.05,BANKNIFTY-I,09:45:00,99040
31340.95,2020-01-08,31387.8,31302.35,1793900.0,31380.0,BANKNIFTY-I,09:46:00,45340
31270.85,2020-01-08,31349.85,31265.0,1771560.0,31340.0,BANKNIFTY-I,09:47:00,25020
31283.25,2020-01-08,31316.5,31264.5,1771560.0,31264.5,BANKNIFTY-I,09:48:00,21660
31311.25,2020-01-08,31333.35,31280.0,1771560.0,31283.25,BANKNIFTY-I,09:49:00,17260
31300.0,2020-01-08,31323.8,31290.0,1774440.0,31309.4,BANKNIFTY-I,09:50:00,13620
31270.45,2020-01-08,31304.8,31264.65,1774440.0,31298.1,BANKNIFTY-I,09:51:00,14000
31264.8,2020-01-08,31276.0,31233.85,1774440.0,31275.4,BANKNIFTY-I,09:52:00,28740
31261.3,2020-01-08,31300.0,31261.3,1778540.0,31269.95,BANKNIFTY-I,09:53:00,19620
31266.0,2020-01-08,31279.05,31260.0,1778540.0,31260.0,BANKNIFTY-I,09:54:00,16980
31308.1,2020-01-08,31308.1,31265.25,1778540.0,31266.35,BANKNIFTY-I,09:55:00,16700
31296.9,2020-01-08,31326.75,31290.9,1801020.0,31320.0,BANKNIFTY-I,09:56:00,13380
31279.55,2020-01-08,31311.8,31274.3,1801020.0,31297.6,BANKNIFTY-I,09:57:00,12120
31280.1,2020-01-08,31285.05,31271.4,1801020.0,31277.35,BANKNIFTY-I,09:58:00,15920
31233.3,2020-01-08,31285.05,31232.0,1816240.0,31284.95,BANKNIFTY-I,09:59:00,22160
31250.8,2020-01-08,31254.0,31230.0,1816240.0,31234.15,BANKNIFTY-I,10:00:00,19600
31234.35,2020-01-08,31255.0,31215.65,1816240.0,31250.0,BANKNIFTY-I,10:01:00,23160
31245.55,2020-01-08,31250.0,31230.0,1840500.0,31232.2,BANKNIFTY-I,10:02:00,8560
31224.25,2020-01-08,31251.0,31205.05,1840500.0,31249.0,BANKNIFTY-I,10:03:00,15520
31206.0,2020-01-08,31234.0,31204.0,1840500.0,31225.0,BANKNIFTY-I,10:04:00,10120
31223.0,2020-01-08,31233.4,31201.0,1850400.0,31206.95,BANKNIFTY-I,10:05:00,13060
31251.5,2020-01-08,31262.85,31220.1,1850400.0,31223.05,BANKNIFTY-I,10:06:00,12520
31235.1,2020-01-08,31258.05,31230.0,1850400.0,31256.35,BANKNIFTY-I,10:07:00,9880
31242.25,2020-01-08,31255.0,31231.65,1863700.0,31237.05,BANKNIFTY-I,10:08:00,5160
31264.0,2020-01-08,31264.5,31237.35,1863700.0,31242.25,BANKNIFTY-I,10:09:00,8900
31276.35,2020-01-08,31294.95,31262.2,1863700.0,31264.5,BANKNIFTY-I,10:10:00,18660
31251.2,2020-01-08,31291.6,31251.0,1876420.0,31273.15,BANKNIFTY-I,10:11:00,9220
31237.05,2020-01-08,31257.4,31226.2,1876420.0,31257.4,BANKNIFTY-I,10:12:00,10280
31245.95,2020-01-08,31256.0,31236.55,1876420.0,31238.15,BANKNIFTY-I,10:13:00,5140
31245.05,2020-01-08,31257.9,31241.1,1881160.0,31246.05,BANKNIFTY-I,10:14:00,3920
31270.0,2020-01-08,31282.55,31250.0,1881160.0,31250.0,BANKNIFTY-I,10:15:00,4980
31287.1,2020-01-08,31287.6,31270.0,1881160.0,31270.35,BANKNIFTY-I,10:16:00,3920
31309.5,2020-01-08,31328.95,31288.5,1880520.0,31288.5,BANKNIFTY-I,10:17:00,19800
31321.2,2020-01-08,31361.9,31309.5,1880520.0,31309.5,BANKNIFTY-I,10:18:00,24820
31318.4,2020-01-08,31325.85,31305.9,1880520.0,31321.2,BANKNIFTY-I,10:19:00,12220
31306.65,2020-01-08,31325.05,31305.7,1878620.0,31317.95,BANKNIFTY-I,10:20:00,11180
31324.7,2020-01-08,31339.05,31306.65,1878620.0,31306.65,BANKNIFTY-I,10:21:00,14680
31332.0,2020-01-08,31337.8,31321.65,1878620.0,31323.25,BANKNIFTY-I,10:22:00,11520
31315.15,2020-01-08,31335.0,31310.0,1890400.0,31325.0,BANKNIFTY-I,10:23:00,20420
31308.7,2020-01-08,31329.8,31299.95,1890400.0,31315.0,BANKNIFTY-I,10:24:00,14740
31291.25,2020-01-08,31325.0,31291.25,1890400.0,31310.55,BANKNIFTY-I,10:25:00,10140
31275.6,2020-01-08,31297.9,31270.05,1905020.0,31297.9,BANKNIFTY-I,10:26:00,13220
31306.7,2020-01-08,31307.55,31273.75,1905020.0,31275.6,BANKNIFTY-I,10:27:00,8100
31301.0,2020-01-08,31313.5,31298.0,1905020.0,31302.0,BANKNIFTY-I,10:28:00,7020
31290.0,2020-01-08,31301.55,31290.0,1911860.0,31301.0,BANKNIFTY-I,10:29:00,6200
31284.0,2020-01-08,31300.0,31280.95,1911860.0,31291.0,BANKNIFTY-I,10:30:00,8260
31275.6,2020-01-08,31293.9,31268.4,1911860.0,31282.3,BANKNIFTY-I,10:31:00,8680
31269.0,2020-01-08,31280.1,31260.3,1913120.0,31274.55,BANKNIFTY-I,10:32:00,8000
31262.4,2020-01-08,31274.3,31261.35,1913120.0,31269.0,BANKNIFTY-I,10:33:00,5540
31280.0,2020-01-08,31288.9,31268.05,1913120.0,31268.05,BANKNIFTY-I,10:34:00,6180
31275.0,2020-01-08,31281.7,31259.9,1911100.0,31280.0,BANKNIFTY-I,10:35:00,5080
31277.95,2020-01-08,31285.0,31273.15,1911100.0,31275.0,BANKNIFTY-I,10:36:00,4100
31266.65,2020-01-08,31278.8,31265.1,1911100.0,31278.8,BANKNIFTY-I,10:37:00,2580
31256.6,2020-01-08,31271.1,31250.05,1912660.0,31271.1,BANKNIFTY-I,10:38:00,7640
31270.0,2020-01-08,31270.8,31244.8,1912660.0,31250.1,BANKNIFTY-I,10:39:00,8380
31255.3,2020-01-08,31272.75,31250.5,1912660.0,31266.65,BANKNIFTY-I,10:40:00,3000
31249.75,2020-01-08,31267.95,31244.3,1912120.0,31259.9,BANKNIFTY-I,10:41:00,4460
31250.0,2020-01-08,31259.0,31244.1,1912120.0,31249.75,BANKNIFTY-I,10:42:00,5560
31263.0,2020-01-08,31267.25,31244.0,1912120.0,31250.0,BANKNIFTY-I,10:43:00,5380
31244.0,2020-01-08,31265.0,31241.2,1914440.0,31260.0,BANKNIFTY-I,10:44:00,4620
31243.5,2020-01-08,31249.8,31232.95,1914440.0,31244.9,BANKNIFTY-I,10:45:00,6560
31291.65,2020-01-08,31303.05,31244.0,1914440.0,31244.0,BANKNIFTY-I,10:46:00,16140
31280.05,2020-01-08,31302.95,31280.0,1914380.0,31297.3,BANKNIFTY-I,10:47:00,4400
31284.0,2020-01-08,31286.45,31268.8,1914380.0,31281.1,BANKNIFTY-I,10:48:00,4260
31279.5,2020-01-08,31298.0,31275.0,1914380.0,31280.1,BANKNIFTY-I,10:49:00,6380
31268.0,2020-01-08,31282.95,31268.0,1916120.0,31279.5,BANKNIFTY-I,10:50:00,2080
31260.0,2020-01-08,31274.5,31260.0,1916120.0,31267.05,BANKNIFTY-I,10:51:00,2640
31265.0,2020-01-08,31267.7,31255.0,1916120.0,31260.0,BANKNIFTY-I,10:52:00,5760
31260.05,2020-01-08,31274.45,31257.0,1918720.0,31262.05,BANKNIFTY-I,10:53:00,4380
31250.0,2020-01-08,31267.3,31246.5,1918720.0,31260.05,BANKNIFTY-I,10:54:00,10120
31250.0,2020-01-08,31254.05,31240.35,1918720.0,31247.9,BANKNIFTY-I,10:55:00,9160
31233.7,2020-01-08,31250.0,31218.45,1924220.0,31250.0,BANKNIFTY-I,10:56:00,11600
31238.3,2020-01-08,31246.9,31232.3,1924220.0,31233.4,BANKNIFTY-I,10:57:00,6520
31227.05,2020-01-08,31243.05,31227.05,1924220.0,31240.0,BANKNIFTY-I,10:58:00,4080
31210.1,2020-01-08,31230.15,31210.05,1928300.0,31227.05,BANKNIFTY-I,10:59:00,12000
31232.0,2020-01-08,31240.0,31210.85,1928300.0,31215.5,BANKNIFTY-I,11:00:00,6760
31224.05,2020-01-08,31230.0,31215.6,1928300.0,31227.5,BANKNIFTY-I,11:01:00,4500
31225.0,2020-01-08,31230.0,31216.15,1929340.0,31224.1,BANKNIFTY-I,11:02:00,2880
31235.0,2020-01-08,31239.3,31224.5,1929340.0,31225.0,BANKNIFTY-I,11:03:00,4440
31242.65,2020-01-08,31248.05,31234.85,1929340.0,31235.0,BANKNIFTY-I,11:04:00,5160
31220.0,2020-01-08,31242.85,31220.0,1933800.0,31242.65,BANKNIFTY-I,11:05:00,5380
31202.0,2020-01-08,31220.0,31187.2,1933800.0,31220.0,BANKNIFTY-I,11:06:00,24920
31193.0,2020-01-08,31213.85,31188.1,1933800.0,31203.05,BANKNIFTY-I,11:07:00,10680
31180.0,2020-01-08,31204.85,31171.0,1930420.0,31193.3,BANKNIFTY-I,11:08:00,20720
31193.0,2020-01-08,31200.0,31173.0,1930420.0,31180.0,BANKNIFTY-I,11:09:00,7320
31175.0,2020-01-08,31193.35,31169.5,1930420.0,31193.35,BANKNIFTY-I,11:10:00,10920
31176.0,2020-01-08,31181.0,31171.4,1936240.0,31175.0,BANKNIFTY-I,11:11:00,4420
31170.0,2020-01-08,31176.0,31156.2,1936240.0,31176.0,BANKNIFTY-I,11:12:00,11420
31185.0,2020-01-08,31190.0,31170.0,1936240.0,31170.0,BANKNIFTY-I,11:13:00,10280
31162.2,2020-01-08,31185.0,31162.2,1938840.0,31185.0,BANKNIFTY-I,11:14:00,9620
31170.0,2020-01-08,31170.0,31150.0,1938840.0,31161.55,BANKNIFTY-I,11:15:00,15880
31174.0,2020-01-08,31179.9,31164.75,1938840.0,31166.35,BANKNIFTY-I,11:16:00,4240
31169.95,2020-01-08,31185.0,31163.0,1942020.0,31174.0,BANKNIFTY-I,11:17:00,8220
31185.0,2020-01-08,31187.0,31165.0,1942020.0,31169.95,BANKNIFTY-I,11:18:00,3680
31179.1,2020-01-08,31186.0,31175.0,1942020.0,31185.0,BANKNIFTY-I,11:19:00,4220
31175.0,2020-01-08,31186.35,31175.0,1943500.0,31185.0,BANKNIFTY-I,11:20:00,3640
31170.0,2020-01-08,31181.6,31170.0,1943500.0,31175.0,BANKNIFTY-I,11:21:00,4380
31178.75,2020-01-08,31184.05,31160.95,1943500.0,31172.95,BANKNIFTY-I,11:22:00,3640
31181.0,2020-01-08,31182.45,31175.0,1945960.0,31179.25,BANKNIFTY-I,11:23:00,2580
31168.9,2020-01-08,31181.0,31165.0,1945960.0,31181.0,BANKNIFTY-I,11:24:00,4520
31162.1,2020-01-08,31179.7,31159.45,1945960.0,31165.0,BANKNIFTY-I,11:25:00,3560
31151.6,2020-01-08,31167.7,31145.45,1945540.0,31162.1,BANKNIFTY-I,11:26:00,7880
31146.15,2020-01-08,31160.0,31132.45,1945540.0,31151.6,BANKNIFTY-I,11:27:00,11500
31145.5,2020-01-08,31159.75,31143.5,1945540.0,31150.0,BANKNIFTY-I,11:28:00,5420
31160.75,2020-01-08,31160.75,31147.05,1941200.0,31150.0,BANKNIFTY-I,11:29:00,9740
31165.9,2020-01-08,31168.75,31155.0,1941200.0,31160.75,BANKNIFTY-I,11:30:00,5460
31156.95,2020-01-08,31166.45,31151.35,1941200.0,31165.05,BANKNIFTY-I,11:31:00,5100
31142.75,2020-01-08,31157.4,31140.2,1939360.0,31150.0,BANKNIFTY-I,11:32:00,3980
31127.4,2020-01-08,31144.75,31123.65,1939360.0,31140.25,BANKNIFTY-I,11:33:00,8720
31128.65,2020-01-08,31135.75,31123.0,1939360.0,31132.75,BANKNIFTY-I,11:34:00,9980
31122.9,2020-01-08,31131.1,31118.3,1941520.0,31130.0,BANKNIFTY-I,11:35:00,7800
31129.5,2020-01-08,31130.0,31117.75,1941520.0,31122.9,BANKNIFTY-I,11:36:00,7160
31127.0,2020-01-08,31137.0,31124.35,1941520.0,31133.15,BANKNIFTY-I,11:37:00,6260
31150.35,2020-01-08,31164.3,31120.0,1944300.0,31127.6,BANKNIFTY-I,11:38:00,13960
31147.9,2020-01-08,31157.25,31140.1,1944300.0,31150.35,BANKNIFTY-I,11:39:00,5280
31150.05,2020-01-08,31159.4,31140.0,1944300.0,31147.9,BANKNIFTY-I,11:40:00,6180
31152.05,2020-01-08,31158.65,31144.0,1943000.0,31154.0,BANKNIFTY-I,11:41:00,4380
31154.0,2020-01-08,31154.0,31143.45,1943000.0,31153.0,BANKNIFTY-I,11:42:00,1960
31134.9,2020-01-08,31154.0,31133.4,1943000.0,31154.0,BANKNIFTY-I,11:43:00,4700
31138.75,2020-01-08,31145.0,31131.05,1942660.0,31131.3,BANKNIFTY-I,11:44:00,4020
31135.0,2020-01-08,31146.9,31130.0,1942660.0,31138.75,BANKNIFTY-I,11:45:00,4060
31134.65,2020-01-08,31134.65,31120.0,1942660.0,31129.95,BANKNIFTY-I,11:46:00,5220
31125.35,2020-01-08,31131.65,31115.65,1941720.0,31127.55,BANKNIFTY-I,11:47:00,8740
31123.0,2020-01-08,31134.95,31115.0,1941720.0,31125.3,BANKNIFTY-I,11:48:00,3320
31142.0,2020-01-08,31142.0,31122.0,1941720.0,31123.0,BANKNIFTY-I,11:49:00,2960
31181.45,2020-01-08,31205.0,31144.9,1936620.0,31144.9,BANKNIFTY-I,11:50:00,31800
31188.6,2020-01-08,31201.0,31180.0,1936620.0,31181.45,BANKNIFTY-I,11:51:00,8060
31168.05,2020-01-08,31188.6,31168.05,1936620.0,31188.6,BANKNIFTY-I,11:52:00,4240
31165.05,2020-01-08,31175.0,31160.95,1937020.0,31168.05,BANKNIFTY-I,11:53:00,4860
31150.85,2020-01-08,31169.7,31146.0,1937020.0,31169.7,BANKNIFTY-I,11:54:00,8160
31160.0,2020-01-08,31160.0,31147.9,1937020.0,31151.2,BANKNIFTY-I,11:55:00,3680
31171.95,2020-01-08,31176.0,31155.2,1936940.0,31160.0,BANKNIFTY-I,11:56:00,4900
31177.85,2020-01-08,31189.9,31168.3,1936940.0,31170.0,BANKNIFTY-I,11:57:00,7780
31180.35,2020-01-08,31180.35,31170.05,1936940.0,31180.0,BANKNIFTY-I,11:58:00,4080
31176.95,2020-01-08,31187.15,31169.15,1937900.0,31180.35,BANKNIFTY-I,11:59:00,4360
31157.1,2020-01-08,31176.0,31157.1,1937900.0,31172.5,BANKNIFTY-I,12:00:00,10060
31183.9,2020-01-08,31189.0,31158.1,1937900.0,31161.95,BANKNIFTY-I,12:01:00,5560
31178.95,2020-01-08,31185.55,31173.1,1939340.0,31184.5,BANKNIFTY-I,12:02:00,3020
31180.5,2020-01-08,31187.3,31164.1,1939340.0,31180.0,BANKNIFTY-I,12:03:00,11320
31167.45,2020-01-08,31182.0,31165.0,1939340.0,31180.5,BANKNIFTY-I,12:04:00,3000
31143.75,2020-01-08,31167.9,31141.9,1939060.0,31167.45,BANKNIFTY-I,12:05:00,11780
31135.85,2020-01-08,31147.95,31135.1,1939060.0,31141.8,BANKNIFTY-I,12:06:00,11200
31138.1,2020-01-08,31145.0,31135.65,1939060.0,31140.0,BANKNIFTY-I,12:07:00,4900
31140.0,2020-01-08,31140.9,31127.0,1937860.0,31138.1,BANKNIFTY-I,12:08:00,3580
31144.65,2020-01-08,31144.65,31135.0,1937860.0,31140.0,BANKNIFTY-I,12:09:00,3140
31148.0,2020-01-08,31159.6,31135.0,1937860.0,31135.0,BANKNIFTY-I,12:10:00,5400
31140.5,2020-01-08,31148.0,31140.2,1935820.0,31148.0,BANKNIFTY-I,12:11:00,1840
31147.55,2020-01-08,31150.0,31140.5,1935820.0,31140.5,BANKNIFTY-I,12:12:00,1320
31159.4,2020-01-08,31171.65,31148.0,1935820.0,31149.0,BANKNIFTY-I,12:13:00,5040
31151.9,2020-01-08,31165.1,31148.0,1934860.0,31159.4,BANKNIFTY-I,12:14:00,1640
31136.05,2020-01-08,31152.0,31135.0,1934860.0,31150.0,BANKNIFTY-I,12:15:00,3100
31135.0,2020-01-08,31142.4,31134.0,1934860.0,31138.0,BANKNIFTY-I,12:16:00,1220
31124.15,2020-01-08,31139.75,31121.0,1935660.0,31135.0,BANKNIFTY-I,12:17:00,4300
31133.0,2020-01-08,31140.05,31122.7,1935660.0,31124.0,BANKNIFTY-I,12:18:00,2720
31132.0,2020-01-08,31136.15,31126.0,1935660.0,31133.0,BANKNIFTY-I,12:19:00,1520
31147.8,2020-01-08,31153.35,31130.0,1937040.0,31130.0,BANKNIFTY-I,12:20:00,3080
31143.1,2020-01-08,31158.5,31143.1,1937040.0,31147.9,BANKNIFTY-I,12:21:00,3360
31165.05,2020-01-08,31165.05,31143.1,1937040.0,31143.1,BANKNIFTY-I,12:22:00,3380
31155.5,2020-01-08,31180.0,31152.25,1936580.0,31165.4,BANKNIFTY-I,12:23:00,7360
31166.75,2020-01-08,31168.9,31154.8,1936580.0,31155.5,BANKNIFTY-I,12:24:00,2760
31172.95,2020-01-08,31183.0,31163.2,1936580.0,31166.75,BANKNIFTY-I,12:25:00,4400
31180.0,2020-01-08,31194.5,31165.0,1936760.0,31172.95,BANKNIFTY-I,12:26:00,6700
31171.95,2020-01-08,31190.5,31171.95,1936760.0,31176.25,BANKNIFTY-I,12:27:00,5500
31181.05,2020-01-08,31189.0,31173.05,1936760.0,31178.7,BANKNIFTY-I,12:28:00,2940
31172.0,2020-01-08,31185.0,31165.3,1937760.0,31181.05,BANKNIFTY-I,12:29:00,3620
31183.95,2020-01-08,31185.0,31168.05,1937760.0,31170.35,BANKNIFTY-I,12:30:00,3020
31211.9,2020-01-08,31223.3,31174.4,1937760.0,31183.95,BANKNIFTY-I,12:31:00,21260
31199.1,2020-01-08,31210.0,31191.5,1936540.0,31209.65,BANKNIFTY-I,12:32:00,8320
31192.35,2020-01-08,31213.9,31192.35,1936540.0,31199.55,BANKNIFTY-I,12:33:00,6040
31243.8,2020-01-08,31260.0,31192.35,1936540.0,31192.35,BANKNIFTY-I,12:34:00,29160
31235.0,2020-01-08,31249.9,31235.0,1933540.0,31245.85,BANKNIFTY-I,12:35:00,17160
31248.45,2020-01-08,31248.85,31224.0,1933540.0,31235.0,BANKNIFTY-I,12:36:00,11780
31280.0,2020-01-08,31310.0,31249.05,1933540.0,31255.0,BANKNIFTY-I,12:37:00,35360
31280.0,2020-01-08,31295.0,31275.5,1920560.0,31279.55,BANKNIFTY-I,12:38:00,17620
31290.3,2020-01-08,31320.0,31278.6,1920560.0,31280.0,BANKNIFTY-I,12:39:00,25840
31284.0,2020-01-08,31296.0,31270.0,1920560.0,31289.9,BANKNIFTY-I,12:40:00,13900
31275.0,2020-01-08,31286.5,31265.9,1918080.0,31283.05,BANKNIFTY-I,12:41:00,10200
31280.0,2020-01-08,31297.35,31275.05,1918080.0,31275.05,BANKNIFTY-I,12:42:00,7120
31278.8,2020-01-08,31280.0,31265.75,1918080.0,31280.0,BANKNIFTY-I,12:43:00,7100
31273.85,2020-01-08,31279.25,31267.85,1918540.0,31278.8,BANKNIFTY-I,12:44:00,3140
31299.55,2020-01-08,31300.0,31275.35,1918540.0,31275.35,BANKNIFTY-I,12:45:00,8320
31293.9,2020-01-08,31302.95,31290.0,1918540.0,31296.15,BANKNIFTY-I,12:46:00,8820
31295.4,2020-01-08,31305.9,31292.15,1920000.0,31299.0,BANKNIFTY-I,12:47:00,6260
31286.0,2020-01-08,31299.1,31278.6,1920000.0,31299.1,BANKNIFTY-I,12:48:00,4540
31296.55,2020-01-08,31302.0,31286.0,1920000.0,31286.0,BANKNIFTY-I,12:49:00,4440
31281.95,2020-01-08,31296.55,31278.5,1923740.0,31296.55,BANKNIFTY-I,12:50:00,5080
31268.35,2020-01-08,31284.7,31268.35,1923740.0,31276.45,BANKNIFTY-I,12:51:00,4560
31265.05,2020-01-08,31286.0,31265.05,1923740.0,31265.55,BANKNIFTY-I,12:52:00,6160
31272.05,2020-01-08,31279.35,31254.65,1923740.0,31268.2,BANKNIFTY-I,12:53:00,4640
31274.15,2020-01-08,31278.6,31272.05,1925980.0,31272.05,BANKNIFTY-I,12:54:00,2360
31280.8,2020-01-08,31280.9,31270.0,1925980.0,31274.4,BANKNIFTY-I,12:55:00,1660
31288.05,2020-01-08,31291.4,31280.0,1928100.0,31285.05,BANKNIFTY-I,12:56:00,2260
31284.45,2020-01-08,31300.0,31282.45,1928100.0,31290.0,BANKNIFTY-I,12:57:00,3840
31275.0,2020-01-08,31286.1,31272.0,1928100.0,31283.15,BANKNIFTY-I,12:58:00,4460
31274.0,2020-01-08,31278.25,31269.7,1928100.0,31272.2,BANKNIFTY-I,12:59:00,2800
31290.0,2020-01-08,31300.0,31270.0,1927900.0,31271.55,BANKNIFTY-I,13:00:00,6420
31296.9,2020-01-08,31312.85,31289.55,1927900.0,31290.1,BANKNIFTY-I,13:01:00,9040
31285.0,2020-01-08,31303.75,31285.0,1927900.0,31296.9,BANKNIFTY-I,13:02:00,4080
31343.9,2020-01-08,31350.8,31282.3,1928520.0,31285.55,BANKNIFTY-I,13:03:00,56400
31333.5,2020-01-08,31340.0,31323.85,1928520.0,31340.0,BANKNIFTY-I,13:04:00,13000
31326.7,2020-01-08,31351.0,31326.7,1928520.0,31337.15,BANKNIFTY-I,13:05:00,12880
31311.45,2020-01-08,31335.05,31310.0,1914420.0,31328.0,BANKNIFTY-I,13:06:00,6220
31310.0,2020-01-08,31322.0,31310.0,1914420.0,31312.25,BANKNIFTY-I,13:07:00,3920
31280.9,2020-01-08,31312.3,31280.1,1914420.0,31310.0,BANKNIFTY-I,13:08:00,8100
31282.75,2020-01-08,31297.35,31277.8,1919560.0,31284.4,BANKNIFTY-I,13:09:00,7700
31257.65,2020-01-08,31289.7,31251.0,1919560.0,31282.75,BANKNIFTY-I,13:10:00,12920
31241.65,2020-01-08,31258.95,31240.0,1919560.0,31256.4,BANKNIFTY-I,13:11:00,10200
31265.05,2020-01-08,31265.7,31242.05,1919580.0,31246.35,BANKNIFTY-I,13:12:00,5140
31266.0,2020-01-08,31272.15,31260.0,1919580.0,31264.7,BANKNIFTY-I,13:13:00,6940
31267.95,2020-01-08,31272.0,31260.95,1919580.0,31266.9,BANKNIFTY-I,13:14:00,2000
31225.0,2020-01-08,31268.6,31225.0,1924240.0,31265.0,BANKNIFTY-I,13:15:00,10100
31240.45,2020-01-08,31243.75,31222.1,1924240.0,31222.1,BANKNIFTY-I,13:16:00,6200
31216.25,2020-01-08,31240.45,31215.4,1924240.0,31239.7,BANKNIFTY-I,13:17:00,9160
31220.8,2020-01-08,31234.0,31210.0,1923260.0,31216.05,BANKNIFTY-I,13:18:00,7500
31225.1,2020-01-08,31227.95,31217.25,1923260.0,31220.9,BANKNIFTY-I,13:19:00,2320
31241.05,2020-01-08,31244.45,31226.0,1923260.0,31229.0,BANKNIFTY-I,13:20:00,4900
31260.8,2020-01-08,31271.05,31241.1,1926560.0,31242.95,BANKNIFTY-I,13:21:00,7740
31256.5,2020-01-08,31272.8,31256.5,1926560.0,31260.8,BANKNIFTY-I,13:22:00,2480
31252.4,2020-01-08,31263.35,31250.45,1926560.0,31256.5,BANKNIFTY-I,13:23:00,2600
31255.0,2020-01-08,31255.75,31245.0,1925760.0,31255.0,BANKNIFTY-I,13:24:00,2300
31254.55,2020-01-08,31257.8,31245.0,1925760.0,31255.0,BANKNIFTY-I,13:25:00,1340
31248.8,2020-01-08,31264.0,31245.0,1925760.0,31254.55,BANKNIFTY-I,13:26:00,1860
31250.35,2020-01-08,31263.9,31250.35,1928180.0,31252.4,BANKNIFTY-I,13:27:00,1660
31248.5,2020-01-08,31255.85,31244.75,1928180.0,31250.0,BANKNIFTY-I,13:28:00,1560
31272.0,2020-01-08,31274.15,31248.5,1928180.0,31248.5,BANKNIFTY-I,13:29:00,2820
31280.0,2020-01-08,31298.0,31270.5,1930220.0,31272.9,BANKNIFTY-I,13:30:00,12780
31263.0,2020-01-08,31290.0,31263.0,1930220.0,31280.0,BANKNIFTY-I,13:31:00,5280
31293.5,2020-01-08,31293.5,31263.0,1930220.0,31263.0,BANKNIFTY-I,13:32:00,2420
31312.9,2020-01-08,31329.9,31281.0,1930540.0,31293.5,BANKNIFTY-I,13:33:00,13320
31300.0,2020-01-08,31320.0,31298.1,1930540.0,31319.25,BANKNIFTY-I,13:34:00,6400
31280.0,2020-01-08,31300.95,31280.0,1930540.0,31300.95,BANKNIFTY-I,13:35:00,7140
31282.05,2020-01-08,31294.8,31280.0,1931360.0,31280.0,BANKNIFTY-I,13:36:00,3540
31270.0,2020-01-08,31283.75,31269.0,1931360.0,31283.1,BANKNIFTY-I,13:37:00,3480
31280.05,2020-01-08,31280.05,31263.1,1931360.0,31268.25,BANKNIFTY-I,13:38:00,1820
31281.35,2020-01-08,31295.8,31280.0,1933740.0,31280.0,BANKNIFTY-I,13:39:00,3720
31273.4,2020-01-08,31291.0,31273.4,1933740.0,31285.95,BANKNIFTY-I,13:40:00,1240
31272.5,2020-01-08,31284.8,31261.15,1933740.0,31273.85,BANKNIFTY-I,13:41:00,5060
31259.3,2020-01-08,31271.0,31252.6,1935480.0,31267.95,BANKNIFTY-I,13:42:00,3520
31254.95,2020-01-08,31261.0,31245.7,1935480.0,31259.3,BANKNIFTY-I,13:43:00,4920
31265.3,2020-01-08,31265.3,31248.6,1935480.0,31248.6,BANKNIFTY-I,13:44:00,5480
31245.75,2020-01-08,31265.3,31245.75,1935740.0,31265.3,BANKNIFTY-I,13:45:00,3120
31242.1,2020-01-08,31254.45,31240.0,1935740.0,31247.3,BANKNIFTY-I,13:46:00,5540
31241.05,2020-01-08,31244.9,31232.65,1935740.0,31240.0,BANKNIFTY-I,13:47:00,5500
31261.0,2020-01-08,31266.05,31241.05,1938220.0,31243.0,BANKNIFTY-I,13:48:00,3840
31282.2,2020-01-08,31289.8,31261.0,1938220.0,31261.0,BANKNIFTY-I,13:49:00,6660
31294.0,2020-01-08,31297.0,31282.2,1938220.0,31282.2,BANKNIFTY-I,13:50:00,5320
31283.3,2020-01-08,31301.05,31280.0,1937920.0,31292.1,BANKNIFTY-I,13:51:00,9400
31280.8,2020-01-08,31288.0,31276.15,1937920.0,31283.8,BANKNIFTY-I,13:52:00,1840
31287.95,2020-01-08,31299.3,31277.0,1937920.0,31280.8,BANKNIFTY-I,13:53:00,3860
31276.4,2020-01-08,31286.1,31270.85,1937220.0,31286.1,BANKNIFTY-I,13:54:00,2560
31279.3,2020-01-08,31285.0,31270.95,1937220.0,31276.4,BANKNIFTY-I,13:55:00,3760
31270.05,2020-01-08,31282.0,31270.0,1937220.0,31279.3,BANKNIFTY-I,13:56:00,2040
31263.05,2020-01-08,31279.0,31259.95,1937280.0,31270.05,BANKNIFTY-I,13:57:00,1720
31257.25,2020-01-08,31269.0,31257.25,1937280.0,31263.05,BANKNIFTY-I,13:58:00,1540
31268.95,2020-01-08,31283.85,31255.0,1937280.0,31257.25,BANKNIFTY-I,13:59:00,4160
31283.0,2020-01-08,31289.0,31268.95,1939480.0,31268.95,BANKNIFTY-I,14:00:00,4260
31306.65,2020-01-08,31309.7,31283.5,1939480.0,31286.0,BANKNIFTY-I,14:01:00,6920
31309.0,2020-01-08,31329.35,31300.0,1939480.0,31312.3,BANKNIFTY-I,14:02:00,15400
31316.2,2020-01-08,31316.2,31294.75,1941000.0,31307.0,BANKNIFTY-I,14:03:00,10680
31309.25,2020-01-08,31322.0,31306.1,1941000.0,31314.7,BANKNIFTY-I,14:04:00,9180
31288.0,2020-01-08,31310.0,31288.0,1941000.0,31305.85,BANKNIFTY-I,14:05:00,3240
31282.5,2020-01-08,31305.0,31282.5,1949780.0,31288.05,BANKNIFTY-I,14:06:00,6480
31290.0,2020-01-08,31292.35,31270.0,1949780.0,31287.65,BANKNIFTY-I,14:07:00,5460
31300.3,2020-01-08,31306.35,31285.35,1949780.0,31286.5,BANKNIFTY-I,14:08:00,3600
31311.05,2020-01-08,31318.4,31293.55,1953660.0,31300.0,BANKNIFTY-I,14:09:00,3700
31365.55,2020-01-08,31388.4,31309.0,1953660.0,31311.05,BANKNIFTY-I,14:10:00,91000
31402.1,2020-01-08,31411.95,31370.0,1953660.0,31370.0,BANKNIFTY-I,14:11:00,28060
31390.55,2020-01-08,31432.45,31390.55,1943800.0,31409.45,BANKNIFTY-I,14:12:00,33560
31362.3,2020-01-08,31392.1,31362.3,1943800.0,31386.75,BANKNIFTY-I,14:13:00,21520
31346.45,2020-01-08,31381.7,31346.45,1943800.0,31367.35,BANKNIFTY-I,14:14:00,13940
31342.3,2020-01-08,31367.3,31342.3,1939140.0,31347.95,BANKNIFTY-I,14:15:00,10120
31321.1,2020-01-08,31344.95,31319.9,1939140.0,31340.15,BANKNIFTY-I,14:16:00,9120
31341.1,2020-01-08,31344.95,31320.0,1939140.0,31327.15,BANKNIFTY-I,14:17:00,5040
31330.6,2020-01-08,31357.25,31330.1,1939920.0,31344.0,BANKNIFTY-I,14:18:00,4820
31318.55,2020-01-08,31347.0,31316.85,1939920.0,31330.6,BANKNIFTY-I,14:19:00,5400
31309.0,2020-01-08,31321.0,31292.0,1939920.0,31317.2,BANKNIFTY-I,14:20:00,15280
31320.2,2020-01-08,31330.0,31306.0,1938180.0,31313.75,BANKNIFTY-I,14:21:00,6060
31315.0,2020-01-08,31320.1,31303.55,1938180.0,31319.1,BANKNIFTY-I,14:22:00,3140
31331.05,2020-01-08,31338.4,31313.05,1938180.0,31313.05,BANKNIFTY-I,14:23:00,3560
31330.5,2020-01-08,31346.95,31326.8,1939760.0,31333.0,BANKNIFTY-I,14:24:00,4280
31337.85,2020-01-08,31340.0,31322.0,1939760.0,31330.5,BANKNIFTY-I,14:25:00,2180
31352.35,2020-01-08,31358.0,31332.0,1939760.0,31337.85,BANKNIFTY-I,14:26:00,4880
31335.9,2020-01-08,31352.35,31333.05,1938240.0,31352.35,BANKNIFTY-I,14:27:00,4360
31342.95,2020-01-08,31343.0,31334.05,1938240.0,31334.55,BANKNIFTY-I,14:28:00,2240
31319.95,2020-01-08,31342.95,31319.95,1938240.0,31342.95,BANKNIFTY-I,14:29:00,4680
31324.95,2020-01-08,31344.25,31317.05,1939680.0,31319.7,BANKNIFTY-I,14:30:00,2480
31311.05,2020-01-08,31327.0,31311.05,1939680.0,31324.95,BANKNIFTY-I,14:31:00,4340
31322.05,2020-01-08,31328.5,31303.05,1939680.0,31309.05,BANKNIFTY-I,14:32:00,5940
31323.95,2020-01-08,31334.95,31322.05,1939440.0,31322.05,BANKNIFTY-I,14:33:00,4040
31327.0,2020-01-08,31327.0,31315.0,1939440.0,31324.8,BANKNIFTY-I,14:34:00,1820
31342.8,2020-01-08,31354.2,31321.55,1939440.0,31327.0,BANKNIFTY-I,14:35:00,6520
31363.0,2020-01-08,31383.3,31341.1,1939060.0,31342.8,BANKNIFTY-I,14:36:00,9160
31383.35,2020-01-08,31398.0,31362.8,1939060.0,31362.8,BANKNIFTY-I,14:37:00,15080
31382.55,2020-01-08,31400.3,31377.1,1939060.0,31381.35,BANKNIFTY-I,14:38:00,11020
31370.85,2020-01-08,31384.0,31365.0,1934420.0,31381.55,BANKNIFTY-I,14:39:00,7260
31359.7,2020-01-08,31380.6,31359.7,1934420.0,31376.45,BANKNIFTY-I,14:40:00,8280
31369.45,2020-01-08,31374.95,31351.0,1934420.0,31353.9,BANKNIFTY-I,14:41:00,4260
31384.0,2020-01-08,31384.0,31360.0,1933460.0,31369.45,BANKNIFTY-I,14:42:00,3720
31386.1,2020-01-08,31395.7,31375.55,1933460.0,31382.05,BANKNIFTY-I,14:43:00,5460
31381.05,2020-01-08,31397.85,31380.0,1933460.0,31386.55,BANKNIFTY-I,14:44:00,5380
31375.9,2020-01-08,31381.95,31370.0,1937840.0,31381.05,BANKNIFTY-I,14:45:00,3300
31410.75,2020-01-08,31411.75,31373.0,1937840.0,31375.9,BANKNIFTY-I,14:46:00,14260
31416.9,2020-01-08,31424.95,31392.5,1937840.0,31411.25,BANKNIFTY-I,14:47:00,17400
31401.15,2020-01-08,31414.0,31400.0,1937420.0,31413.95,BANKNIFTY-I,14:48:00,6160
31391.0,2020-01-08,31403.9,31390.0,1937420.0,31400.0,BANKNIFTY-I,14:49:00,4700
31380.45,2020-01-08,31398.6,31375.4,1937420.0,31391.0,BANKNIFTY-I,14:50:00,7420
31376.5,2020-01-08,31385.05,31370.0,1936180.0,31380.65,BANKNIFTY-I,14:51:00,7820
31444.25,2020-01-08,31488.0,31376.5,1936180.0,31376.5,BANKNIFTY-I,14:52:00,80380
31459.35,2020-01-08,31476.35,31430.0,1936180.0,31438.4,BANKNIFTY-I,14:53:00,28660
31456.8,2020-01-08,31465.4,31450.05,1936620.0,31459.1,BANKNIFTY-I,14:54:00,16840
31524.5,2020-01-08,31541.2,31455.0,1936620.0,31456.95,BANKNIFTY-I,14:55:00,57860
31484.65,2020-01-08,31530.05,31484.65,1936620.0,31526.7,BANKNIFTY-I,14:56:00,37880
31498.25,2020-01-08,31498.25,31476.5,1932320.0,31490.05,BANKNIFTY-I,14:57:00,22160
31491.4,2020-01-08,31500.0,31475.0,1932320.0,31495.6,BANKNIFTY-I,14:58:00,15960
31489.8,2020-01-08,31504.9,31485.0,1932320.0,31491.95,BANKNIFTY-I,14:59:00,12880
31489.95,2020-01-08,31519.9,31486.75,1929000.0,31486.75,BANKNIFTY-I,15:00:00,16400
31466.1,2020-01-08,31499.25,31459.2,1929000.0,31490.0,BANKNIFTY-I,15:01:00,14840
31450.2,2020-01-08,31475.0,31446.9,1929000.0,31464.35,BANKNIFTY-I,15:02:00,14520
31427.95,2020-01-08,31458.45,31427.95,1923940.0,31450.0,BANKNIFTY-I,15:03:00,13800
31447.25,2020-01-08,31447.25,31420.0,1923940.0,31421.1,BANKNIFTY-I,15:04:00,16500
31435.5,2020-01-08,31449.4,31433.1,1923940.0,31440.0,BANKNIFTY-I,15:05:00,7540
31433.7,2020-01-08,31444.35,31430.0,1918800.0,31442.4,BANKNIFTY-I,15:06:00,6060
31444.0,2020-01-08,31446.8,31425.3,1918800.0,31426.0,BANKNIFTY-I,15:07:00,6120
31437.75,2020-01-08,31446.65,31430.0,1918800.0,31446.35,BANKNIFTY-I,15:08:00,7640
31450.0,2020-01-08,31457.25,31435.25,1916880.0,31437.75,BANKNIFTY-I,15:09:00,7960
31431.45,2020-01-08,31447.1,31430.3,1916880.0,31447.1,BANKNIFTY-I,15:10:00,11720
31435.0,2020-01-08,31453.9,31434.55,1916880.0,31434.7,BANKNIFTY-I,15:11:00,7720
31437.0,2020-01-08,31445.15,31432.65,1911280.0,31439.95,BANKNIFTY-I,15:12:00,6040
31431.0,2020-01-08,31440.0,31431.0,1911280.0,31436.0,BANKNIFTY-I,15:13:00,4340
31445.3,2020-01-08,31449.95,31431.0,1911280.0,31434.95,BANKNIFTY-I,15:14:00,7700
31429.0,2020-01-08,31446.95,31425.0,1902180.0,31441.25,BANKNIFTY-I,15:15:00,12820
31437.35,2020-01-08,31444.4,31425.0,1902180.0,31429.0,BANKNIFTY-I,15:16:00,12560
31452.6,2020-01-08,31453.5,31432.0,1902180.0,31435.05,BANKNIFTY-I,15:17:00,15660
31446.45,2020-01-08,31459.15,31446.0,1889900.0,31452.6,BANKNIFTY-I,15:18:00,7440
31442.95,2020-01-08,31453.85,31442.9,1889900.0,31445.95,BANKNIFTY-I,15:19:00,7220
31444.0,2020-01-08,31459.0,31435.9,1889900.0,31442.15,BANKNIFTY-I,15:20:00,21720
31448.4,2020-01-08,31454.5,31442.75,1867720.0,31444.0,BANKNIFTY-I,15:21:00,14240
31437.15,2020-01-08,31446.75,31437.15,1867720.0,31443.65,BANKNIFTY-I,15:22:00,16400
31442.3,2020-01-08,31453.0,31436.0,1867720.0,31437.1,BANKNIFTY-I,15:23:00,21000
31438.3,2020-01-08,31440.5,31434.0,1849800.0,31440.1,BANKNIFTY-I,15:24:00,11580
31435.1,2020-01-08,31448.0,31435.0,1849800.0,31437.85,BANKNIFTY-I,15:25:00,14440
31430.0,2020-01-08,31439.45,31427.95,1849800.0,31435.1,BANKNIFTY-I,15:26:00,17740
31431.15,2020-01-08,31431.9,31428.8,1834560.0,31430.65,BANKNIFTY-I,15:27:00,15800
31425.0,2020-01-08,31430.9,31424.85,1834560.0,31430.2,BANKNIFTY-I,15:28:00,15580
31426.05,2020-01-08,31432.95,31424.65,1834560.0,31424.75,BANKNIFTY-I,15:29:00,17120
